Metric,Value
Precision,0.856
Recall,0.924
F1 Score,0.8887011235955056
mAP50,0.934
mAP50-95,0.677
FPS,38.446149145499355
