{
    "model": "YOLOv11m",
    "dataset": "COVID-19 Chest X-Ray Detection",
    "metrics": {
        "precision": 0.7669223778583172,
        "recall": 0.3034952324696675,
        "f1_score": 0.43489061298791865,
        "mAP50": 0.7263472222222221,
        "mAP50-95": 0.6847549444444442,
        "fps": 33.76284327899256
    },
    "class_metrics": [
        {
            "Class": 0,
            "Precision": 0.7669223778583172,
            "Recall": 0.3034952324696675,
            "mAP@50": 0.5352088051639923,
            "mAP@50-95": 0.42816704413119383,
            "F1-score": 0.43489061298791865
        },
        {
            "Class": 1,
            "Precision": 1.0,
            "Recall": 0.6556017430934259,
            "mAP@50": 0.8278008715467129,
            "mAP@50-95": 0.6622406972373703,
            "F1-score": 0.791980010685976
        },
        {
            "Class": 2,
            "Precision": 0.47127635300434856,
            "Recall": 0.8333333333333334,
            "mAP@50": 0.652304843168841,
            "mAP@50-95": 0.5218438745350727,
            "F1-score": 0.602065580660785
        }
    ],
    "training_details": {
        "epochs": 20,
        "image_size": 640,
        "optimizer": "Adam",
        "batch_size": 16
    }
}